,age,workclass,education_num,marital_status,occupation,race,native_country,income
3,28, Private,13, Married-civ-spouse, Prof-specialty, Black, Cuba, <=50K
5,49, Private,5, Married-spouse-absent, Other-service, Black, Jamaica, <=50K
34,48, Private,7, Never-married, Machine-op-inspct, White, Puerto-Rico, <=50K
51,47, Private,15, Married-civ-spouse, Prof-specialty, White, Honduras, >50K
97,48, Private,12, Divorced, Exec-managerial, White, England, <=50K
151,33, Private,13, Never-married, Exec-managerial, Asian-Pac-Islander, Philippines, <=50K
227,75, Private,11, Widowed, Adm-clerical, White, Columbia, <=50K
254,42, Self-emp-not-inc,9, Married-civ-spouse, Farming-fishing, Asian-Pac-Islander, Cambodia, >50K
264,37, Self-emp-inc,10, Married-civ-spouse, Exec-managerial, Asian-Pac-Islander, Thailand, >50K
288,50, Private,4, Married-civ-spouse, Craft-repair, White, Ecuador, <=50K
303,24, Private,10, Married-civ-spouse, Adm-clerical, Asian-Pac-Islander, Laos, <=50K
337,19, Private,9, Never-married, Sales, Black, Haiti, <=50K
347,56, Private,12, Married-spouse-absent, Other-service, White, Iran, <=50K
358,26, Self-emp-not-inc,5, Married-civ-spouse, Craft-repair, White, Portugal, <=50K
479,33, Private,12, Married-civ-spouse, Craft-repair, White, Portugal, <=50K
499,23, Local-gov,9, Never-married, Farming-fishing, White, Poland, <=50K
502,58, Private,10, Divorced, Other-service, White, France, <=50K
592,31, Private,13, Married-civ-spouse, Prof-specialty, White, Canada, >50K
687,41, Private,14, Never-married, Exec-managerial, White, Dominican-Republic, <=50K
697,30, Private,13, Never-married, Prof-specialty, White, Poland, <=50K
713,36, Local-gov,13, Divorced, Adm-clerical, White, Honduras, <=50K
747,29, Private,7, Never-married, Craft-repair, Black, Haiti, <=50K
798,43, Private,13, Married-civ-spouse, Exec-managerial, White, England, >50K
872,51, Self-emp-not-inc,13, Married-civ-spouse, Sales, Asian-Pac-Islander, China, >50K
921,42, Private,3, Married-civ-spouse, Machine-op-inspct, White, Mexico, <=50K
928,33, Private,2, Married-spouse-absent, Priv-house-serv, White, Guatemala, <=50K
1024,56, Private,9, Married-civ-spouse, Other-service, White, Yugoslavia, <=50K
1076,22, Private,13, Never-married, Sales, Asian-Pac-Islander, Taiwan, <=50K
1118,53, Private,13, Married-civ-spouse, Prof-specialty, Asian-Pac-Islander, Japan, <=50K
1134,31, Private,10, Married-civ-spouse, Exec-managerial, White, Jamaica, >50K
1141,59, Federal-gov,9, Widowed, Sales, White, Germany, <=50K
1197,18, Private,9, Never-married, Machine-op-inspct, White, Dominican-Republic, <=50K
1227,50, Private,9, Divorced, Adm-clerical, White, England, <=50K
1290,63, Self-emp-not-inc,2, Widowed, Other-service, White, El-Salvador, <=50K
1326,52, Private,9, Widowed, Other-service, Asian-Pac-Islander, India, >50K
1345,61, Self-emp-inc,13, Married-civ-spouse, Exec-managerial, White, Germany, >50K
1362,51, Private,10, Divorced, Sales, White, Italy, <=50K
1367,52, Private,9, Married-civ-spouse, Exec-managerial, Asian-Pac-Islander, Japan, >50K
1378,32, Private,13, Divorced, Exec-managerial, White, Canada, <=50K
1386,40, Self-emp-not-inc,10, Divorced, Exec-managerial, White, Iran, >50K
1410,43, Self-emp-inc,9, Married-civ-spouse, Other-service, Asian-Pac-Islander, Thailand, <=50K
1514,44, Private,13, Divorced, Other-service, Asian-Pac-Islander, China, <=50K
1585,51, Private,10, Divorced, Exec-managerial, White, Scotland, <=50K
1654,44, Private,13, Married-civ-spouse, Prof-specialty, White, Italy, >50K
1662,62, Private,4, Married-civ-spouse, Protective-serv, White, Cuba, <=50K
1687,53, Private,5, Divorced, Other-service, White, Canada, <=50K
1707,24, Private,13, Never-married, Machine-op-inspct, Asian-Pac-Islander, China, <=50K
1788,66, Private,3, Married-spouse-absent, Handlers-cleaners, White, Puerto-Rico, <=50K
1793,31, Private,10, Married-civ-spouse, Machine-op-inspct, Black, Trinadad&Tobago, <=50K
1846,21, Private,10, Never-married, Other-service, White, Puerto-Rico, <=50K
1881,44, Self-emp-not-inc,9, Married-civ-spouse, Prof-specialty, White, Italy, >50K
1931,28, Private,4, Married-civ-spouse, Machine-op-inspct, Asian-Pac-Islander, China, <=50K
1947,29, State-gov,13, Married-civ-spouse, Prof-specialty, White, Nicaragua, <=50K
1968,45, Self-emp-not-inc,9, Married-civ-spouse, Sales, Asian-Pac-Islander, South, >50K
2005,57, Private,10, Never-married, Adm-clerical, Black, Jamaica, <=50K
2123,47, Private,3, Never-married, Priv-house-serv, White, El-Salvador, <=50K
2143,34, Private,9, Married-civ-spouse, Transport-moving, White, Puerto-Rico, <=50K
2228,51, Private,4, Married-civ-spouse, Transport-moving, White, Cuba, <=50K
2258,38, Local-gov,13, Never-married, Exec-managerial, Asian-Pac-Islander, Vietnam, <=50K
2287,34, Private,10, Married-civ-spouse, Protective-serv, Black, Haiti, <=50K
2329,53, Federal-gov,10, Married-civ-spouse, Exec-managerial, Asian-Pac-Islander, Philippines, >50K
2338,36, Private,14, Married-civ-spouse, Exec-managerial, Asian-Pac-Islander, Taiwan, >50K
2373,55, Private,16, Never-married, Prof-specialty, White, England, <=50K
2389,30, Self-emp-inc,9, Married-civ-spouse, Exec-managerial, White, Canada, >50K
2425,55, Self-emp-inc,15, Married-civ-spouse, Prof-specialty, White, Greece, >50K
2440,61, Private,5, Married-civ-spouse, Machine-op-inspct, Black, Trinadad&Tobago, <=50K
2501,60, Private,3, Divorced, Machine-op-inspct, White, Puerto-Rico, <=50K
2557,58, State-gov,16, Married-civ-spouse, Prof-specialty, Asian-Pac-Islander, India, <=50K
2560,40, Private,5, Never-married, Machine-op-inspct, Black, Haiti, <=50K
2645,55, Self-emp-not-inc,9, Widowed, Other-service, White, Nicaragua, <=50K
2646,50, Private,4, Married-civ-spouse, Sales, Other, Dominican-Republic, <=50K
2654,27, Private,13, Never-married, Adm-clerical, Asian-Pac-Islander, Hong, <=50K
2667,37, Self-emp-not-inc,10, Separated, Other-service, White, Cuba, <=50K
2778,40, Private,9, Divorced, Other-service, White, Greece, <=50K
2860,44, Private,2, Never-married, Machine-op-inspct, White, El-Salvador, <=50K
2890,90, Private,10, Separated, Adm-clerical, White, Puerto-Rico, <=50K
2932,29, Self-emp-not-inc,15, Never-married, Prof-specialty, White, Italy, >50K
2988,44, Private,14, Married-civ-spouse, Exec-managerial, Asian-Pac-Islander, India, <=50K
2991,49, Private,11, Never-married, Exec-managerial, White, Columbia, <=50K
2993,35, Self-emp-not-inc,13, Married-civ-spouse, Sales, White, Japan, <=50K
3114,35, Private,10, Married-civ-spouse, Tech-support, White, Poland, <=50K
3158,58, Private,11, Married-civ-spouse, Exec-managerial, White, Germany, >50K
3178,35, Self-emp-not-inc,8, Never-married, Other-service, Black, Trinadad&Tobago, <=50K
3200,28, Private,5, Never-married, Machine-op-inspct, White, Dominican-Republic, <=50K
3214,32, Private,10, Married-civ-spouse, Craft-repair, White, Greece, <=50K
3237,44, Private,13, Married-civ-spouse, Exec-managerial, Other, Puerto-Rico, <=50K
3259,34, Private,13, Married-civ-spouse, Prof-specialty, White, Peru, >50K
3288,49, Private,7, Married-civ-spouse, Craft-repair, White, Cuba, <=50K
3316,45, Federal-gov,10, Married-civ-spouse, Tech-support, White, Guatemala, >50K
3385,38, Private,9, Married-civ-spouse, Sales, White, Columbia, <=50K
3388,51, Private,16, Married-civ-spouse, Prof-specialty, White, Iran, >50K
3389,45, Private,16, Widowed, Prof-specialty, White, Iran, >50K
3480,31, Private,4, Never-married, Handlers-cleaners, White, Portugal, <=50K
3482,41, Private,14, Married-civ-spouse, Prof-specialty, White, England, <=50K
3605,73, Private,9, Married-civ-spouse, Transport-moving, White, Canada, <=50K
3626,36, Private,14, Married-civ-spouse, Prof-specialty, Asian-Pac-Islander, China, <=50K
3646,53, Private,13, Married-civ-spouse, Machine-op-inspct, Asian-Pac-Islander, China, <=50K
3665,51, Private,13, Married-civ-spouse, Exec-managerial, White, France, >50K
3707,36, Private,9, Married-civ-spouse, Adm-clerical, Asian-Pac-Islander, Vietnam, <=50K
3713,32, Private,13, Married-civ-spouse, Exec-managerial, Asian-Pac-Islander, China, >50K
3742,29, Private,9, Divorced, Prof-specialty, Other, Germany, <=50K
3797,30, Private,6, Never-married, Sales, White, Guatemala, <=50K
3831,24, Private,7, Married-civ-spouse, Transport-moving, Asian-Pac-Islander, Vietnam, <=50K
3878,43, Private,3, Married-civ-spouse, Machine-op-inspct, Asian-Pac-Islander, Vietnam, >50K
3908,33, Self-emp-inc,9, Married-civ-spouse, Exec-managerial, Asian-Pac-Islander, Taiwan, >50K
3922,57, Private,9, Married-civ-spouse, Other-service, Black, England, <=50K
3923,50, Private,12, Married-civ-spouse, Adm-clerical, White, Columbia, <=50K
3945,39, Private,9, Never-married, Tech-support, White, England, <=50K
3954,30, Private,9, Never-married, Machine-op-inspct, White, Puerto-Rico, <=50K
3972,21, Private,9, Never-married, Adm-clerical, Black, Jamaica, <=50K
3981,50, Private,13, Divorced, Prof-specialty, White, Ireland, <=50K
3986,37, Private,13, Married-civ-spouse, Other-service, Asian-Pac-Islander, China, <=50K
4028,44, Self-emp-inc,9, Married-civ-spouse, Exec-managerial, White, Greece, <=50K
4084,37, Private,9, Divorced, Other-service, White, Peru, <=50K
4107,23, Private,13, Never-married, Sales, Asian-Pac-Islander, Taiwan, <=50K
4144,36, Private,13, Married-civ-spouse, Prof-specialty, White, Iran, >50K
4170,50, Local-gov,9, Divorced, Other-service, White, Dominican-Republic, <=50K
4181,67, Private,9, Married-civ-spouse, Sales, White, Canada, >50K
4232,30, Private,13, Never-married, Prof-specialty, White, Outlying-US(Guam-USVI-etc), <=50K
4280,64, Federal-gov,4, Widowed, Other-service, White, Puerto-Rico, <=50K
4309,21, Private,10, Never-married, Tech-support, White, Ecuador, <=50K
4360,25, Private,12, Married-civ-spouse, Handlers-cleaners, Black, Jamaica, <=50K
4380,48, Self-emp-not-inc,13, Married-spouse-absent, Exec-managerial, Black, Jamaica, >50K
4383,27, Private,9, Married-civ-spouse, Machine-op-inspct, White, Canada, <=50K
4432,52, State-gov,16, Married-civ-spouse, Prof-specialty, White, Iran, >50K
4446,25, Private,10, Never-married, Exec-managerial, White, Yugoslavia, <=50K
4486,20, Private,10, Never-married, Other-service, White, Canada, <=50K
4487,25, Private,11, Never-married, Prof-specialty, White, Canada, <=50K
4507,25, Private,10, Never-married, Handlers-cleaners, Black, Outlying-US(Guam-USVI-etc), <=50K
4537,20, Private,9, Never-married, Sales, Asian-Pac-Islander, Philippines, <=50K
4575,43, Private,9, Married-civ-spouse, Machine-op-inspct, Black, Trinadad&Tobago, <=50K
4597,24, State-gov,14, Married-spouse-absent, Prof-specialty, Asian-Pac-Islander, China, <=50K
4609,30, Private,9, Married-civ-spouse, Craft-repair, Asian-Pac-Islander, Laos, <=50K
4624,47, Private,15, Married-civ-spouse, Prof-specialty, Asian-Pac-Islander, Taiwan, >50K
4646,33, Private,9, Never-married, Handlers-cleaners, Black, Jamaica, <=50K
4703,60, Self-emp-not-inc,11, Married-civ-spouse, Transport-moving, White, Germany, >50K
4704,40, Private,9, Divorced, Machine-op-inspct, White, Mexico, <=50K
4721,24, Private,9, Never-married, Sales, White, Dominican-Republic, <=50K
4725,31, Private,10, Married-civ-spouse, Transport-moving, White, El-Salvador, <=50K
4767,40, Federal-gov,14, Married-civ-spouse, Tech-support, Asian-Pac-Islander, Philippines, >50K
4784,25, Private,10, Never-married, Craft-repair, Asian-Pac-Islander, Cambodia, <=50K
4959,17, Local-gov,7, Never-married, Prof-specialty, White, Puerto-Rico, <=50K
5111,39, Private,14, Married-civ-spouse, Transport-moving, White, Poland, <=50K
5117,32, Private,13, Married-civ-spouse, Sales, Other, Puerto-Rico, <=50K
5140,58, Private,9, Never-married, Transport-moving, White, Canada, <=50K
5142,57, Private,6, Divorced, Adm-clerical, White, Germany, <=50K
5195,40, State-gov,16, Married-civ-spouse, Prof-specialty, Asian-Pac-Islander, Taiwan, >50K
5218,51, Self-emp-inc,13, Married-civ-spouse, Exec-managerial, Asian-Pac-Islander, Taiwan, <=50K
5240,50, Private,10, Married-spouse-absent, Other-service, White, Cuba, <=50K
5258,18, Private,7, Never-married, Other-service, White, Scotland, <=50K
5329,58, Private,13, Married-civ-spouse, Other-service, Asian-Pac-Islander, South, <=50K
5384,61, Private,5, Divorced, Handlers-cleaners, White, Puerto-Rico, >50K
5423,32, Private,13, Never-married, Other-service, Asian-Pac-Islander, South, <=50K
5440,46, Private,3, Married-civ-spouse, Craft-repair, White, Italy, <=50K
5451,28, Private,13, Never-married, Adm-clerical, White, El-Salvador, <=50K
5462,53, Private,6, Married-spouse-absent, Machine-op-inspct, White, Columbia, <=50K
5490,27, Private,9, Never-married, Protective-serv, White, Japan, <=50K
5512,55, Private,9, Divorced, Sales, White, England, <=50K
5616,26, Private,13, Never-married, Exec-managerial, Asian-Pac-Islander, Poland, <=50K
5663,33, Private,9, Separated, Handlers-cleaners, White, Puerto-Rico, <=50K
5697,51, Private,7, Married-civ-spouse, Machine-op-inspct, Asian-Pac-Islander, Philippines, <=50K
5740,46, Private,2, Never-married, Machine-op-inspct, White, Puerto-Rico, <=50K
5753,48, Private,13, Married-civ-spouse, Prof-specialty, White, Canada, >50K
5786,52, State-gov,9, Divorced, Adm-clerical, White, England, <=50K
5833,58, Private,2, Married-civ-spouse, Other-service, White, Cuba, <=50K
5838,48, Private,13, Married-civ-spouse, Exec-managerial, White, Greece, >50K
5869,51, Private,4, Married-spouse-absent, Craft-repair, Black, Dominican-Republic, <=50K
5957,59, Private,2, Married-civ-spouse, Machine-op-inspct, White, Mexico, <=50K
5970,53, Private,3, Married-civ-spouse, Machine-op-inspct, Asian-Pac-Islander, Laos, <=50K
5974,62, Private,3, Married-civ-spouse, Farming-fishing, White, Mexico, <=50K
6037,43, Private,9, Married-civ-spouse, Other-service, Asian-Pac-Islander, Japan, <=50K
6149,31, Self-emp-inc,10, Married-civ-spouse, Exec-managerial, Asian-Pac-Islander, South, <=50K
6172,79, Private,16, Married-civ-spouse, Prof-specialty, White, El-Salvador, >50K
6181,29, Local-gov,10, Never-married, Exec-managerial, White, Iran, <=50K
6202,50, Private,9, Separated, Prof-specialty, Other, Puerto-Rico, <=50K
6211,43, Private,10, Married-civ-spouse, Tech-support, Black, Jamaica, >50K
6287,32, Private,10, Never-married, Exec-managerial, Black, Jamaica, <=50K
6294,40, Self-emp-inc,14, Married-civ-spouse, Exec-managerial, White, Iran, >50K
6320,20, Private,10, Never-married, Sales, Asian-Pac-Islander, India, <=50K
6327,20, Private,10, Never-married, Adm-clerical, White, Yugoslavia, <=50K
6336,46, Private,9, Married-civ-spouse, Transport-moving, White, Canada, >50K
6420,30, Private,15, Married-civ-spouse, Prof-specialty, Black, Haiti, <=50K
6423,58, Private,9, Married-civ-spouse, Sales, White, Greece, <=50K
6459,59, Private,9, Married-spouse-absent, Adm-clerical, White, Puerto-Rico, <=50K
6492,50, Self-emp-not-inc,9, Widowed, Exec-managerial, Asian-Pac-Islander, South, <=50K
6569,28, Self-emp-not-inc,10, Married-civ-spouse, Sales, Asian-Pac-Islander, South, <=50K
6589,77, Self-emp-not-inc,4, Married-spouse-absent, Adm-clerical, White, Italy, >50K
6748,54, Self-emp-inc,9, Divorced, Other-service, White, Canada, <=50K
6793,20, Private,9, Married-civ-spouse, Other-service, White, Peru, <=50K
6794,22, Private,9, Never-married, Sales, White, Peru, <=50K
6801,73, Self-emp-inc,6, Widowed, Sales, White, Canada, <=50K
6864,22, Private,10, Divorced, Sales, White, Iran, <=50K
6877,26, Private,9, Never-married, Machine-op-inspct, Other, Columbia, <=50K
6915,38, Private,13, Never-married, Exec-managerial, White, Cuba, <=50K
6920,48, Private,9, Divorced, Handlers-cleaners, Asian-Pac-Islander, South, <=50K
6927,46, Self-emp-not-inc,4, Married-civ-spouse, Exec-managerial, White, Greece, <=50K
6951,46, Self-emp-inc,11, Divorced, Exec-managerial, Asian-Pac-Islander, Thailand, <=50K
6957,47, Private,9, Divorced, Adm-clerical, White, Honduras, <=50K
6966,60, Private,4, Divorced, Adm-clerical, White, Cuba, <=50K
7024,21, Private,10, Never-married, Other-service, Black, Outlying-US(Guam-USVI-etc), <=50K
7035,49, Private,10, Divorced, Sales, White, England, <=50K
7053,23, Private,4, Never-married, Craft-repair, White, Germany, <=50K
7056,20, Self-emp-not-inc,10, Never-married, Prof-specialty, Asian-Pac-Islander, South, <=50K
7201,63, Self-emp-not-inc,13, Married-civ-spouse, Prof-specialty, Asian-Pac-Islander, China, >50K
7209,63, Private,9, Married-civ-spouse, Adm-clerical, Asian-Pac-Islander, Vietnam, <=50K
7233,58, State-gov,9, Married-spouse-absent, Other-service, Black, Honduras, <=50K
7274,42, State-gov,16, Never-married, Exec-managerial, White, Italy, >50K
7288,28, Local-gov,10, Never-married, Adm-clerical, Black, Haiti, <=50K
7292,34, Private,7, Never-married, Other-service, White, Ireland, <=50K
7319,38, State-gov,16, Married-civ-spouse, Prof-specialty, Asian-Pac-Islander, Taiwan, <=50K
7357,29, Private,13, Never-married, Adm-clerical, White, Portugal, <=50K
7524,46, Private,7, Widowed, Other-service, White, El-Salvador, <=50K
7528,64, Private,9, Married-civ-spouse, Tech-support, Asian-Pac-Islander, Philippines, >50K
7605,43, Self-emp-not-inc,13, Married-civ-spouse, Machine-op-inspct, Asian-Pac-Islander, Thailand, <=50K
7616,34, Private,9, Never-married, Exec-managerial, White, England, <=50K
7696,53, Private,4, Married-civ-spouse, Craft-repair, Asian-Pac-Islander, Vietnam, <=50K
7731,43, Private,15, Separated, Tech-support, White, Columbia, >50K
7754,17, Private,7, Never-married, Other-service, Black, Haiti, <=50K
7799,47, Self-emp-not-inc,13, Married-civ-spouse, Prof-specialty, Asian-Pac-Islander, South, <=50K
7864,59, Self-emp-not-inc,9, Married-civ-spouse, Exec-managerial, White, Greece, <=50K
7889,30, Private,5, Married-civ-spouse, Machine-op-inspct, White, Portugal, <=50K
7890,24, Private,10, Married-civ-spouse, Machine-op-inspct, Other, Puerto-Rico, <=50K
7895,73, Local-gov,14, Married-civ-spouse, Prof-specialty, White, Poland, >50K
7908,31, Private,9, Never-married, Handlers-cleaners, Asian-Pac-Islander, Vietnam, <=50K
7920,29, Private,9, Married-civ-spouse, Exec-managerial, White, Columbia, <=50K
7931,29, Private,10, Married-spouse-absent, Sales, Asian-Pac-Islander, India, <=50K
7959,26, Private,10, Never-married, Other-service, White, Nicaragua, <=50K
7979,34, Federal-gov,13, Never-married, Exec-managerial, Asian-Pac-Islander, Cambodia, <=50K
7981,55, Private,9, Divorced, Priv-house-serv, White, France, <=50K
8002,35, Self-emp-not-inc,9, Never-married, Sales, Black, Germany, <=50K
8018,23, Private,10, Never-married, Handlers-cleaners, White, Cuba, <=50K
8054,30, Private,12, Married-civ-spouse, Exec-managerial, White, Thailand, >50K
8065,61, Self-emp-not-inc,9, Married-civ-spouse, Sales, Asian-Pac-Islander, South, <=50K
8067,49, Private,11, Married-civ-spouse, Prof-specialty, White, Germany, >50K
8074,27, State-gov,14, Never-married, Prof-specialty, Asian-Pac-Islander, China, <=50K
8164,42, Private,9, Separated, Adm-clerical, White, Scotland, <=50K
8217,65, Private,9, Divorced, Adm-clerical, White, Canada, <=50K
8273,56, Private,9, Divorced, Other-service, Black, Jamaica, <=50K
8328,54, Private,9, Separated, Adm-clerical, White, Puerto-Rico, <=50K
8380,85, Private,9, Widowed, Sales, White, United-States, <=50K
8451,72, Private,9, Widowed, Priv-house-serv, White, Cuba, <=50K
8507,54, State-gov,14, Married-spouse-absent, Prof-specialty, Asian-Pac-Islander, China, <=50K
8530,51, Private,11, Married-civ-spouse, Handlers-cleaners, White, Greece, <=50K
8539,35, Local-gov,9, Married-civ-spouse, Craft-repair, White, Cuba, >50K
8561,49, Private,9, Married-civ-spouse, Exec-managerial, White, Hungary, <=50K
8650,49, Self-emp-not-inc,10, Married-civ-spouse, Craft-repair, White, Poland, <=50K
8725,36, Private,9, Married-civ-spouse, Machine-op-inspct, Black, Haiti, <=50K
8737,32, Private,10, Married-civ-spouse, Other-service, White, Puerto-Rico, <=50K
8850,66, Private,10, Married-civ-spouse, Protective-serv, White, Canada, <=50K
8946,56, Private,4, Widowed, Machine-op-inspct, Other, Dominican-Republic, <=50K
8952,41, Private,13, Married-civ-spouse, Other-service, Asian-Pac-Islander, Vietnam, <=50K
8959,57, Local-gov,10, Widowed, Adm-clerical, White, Mexico, <=50K
8993,29, Private,10, Married-civ-spouse, Craft-repair, Black, Jamaica, >50K
9005,25, Private,6, Never-married, Machine-op-inspct, White, Dominican-Republic, <=50K
9016,37, Private,10, Divorced, Exec-managerial, Asian-Pac-Islander, Japan, >50K
9046,32, Private,11, Never-married, Exec-managerial, Black, England, <=50K
9066,48, Private,5, Married-civ-spouse, Machine-op-inspct, Asian-Pac-Islander, China, <=50K
9127,18, Self-emp-inc,9, Never-married, Other-service, Asian-Pac-Islander, India, <=50K
9200,35, Private,13, Married-civ-spouse, Other-service, White, Poland, <=50K
9205,58, Private,4, Widowed, Farming-fishing, White, Guatemala, <=50K
9224,28, Local-gov,12, Married-civ-spouse, Protective-serv, White, England, <=50K
9251,41, Private,3, Married-civ-spouse, Other-service, Other, Nicaragua, <=50K
9261,27, Private,9, Separated, Handlers-cleaners, White, Japan, <=50K
9305,52, Private,14, Married-civ-spouse, Exec-managerial, White, Greece, >50K
9313,36, Private,12, Never-married, Adm-clerical, Black, Jamaica, <=50K
9317,37, Private,14, Never-married, Prof-specialty, Asian-Pac-Islander, South, <=50K
9335,35, Private,9, Married-civ-spouse, Sales, White, Ecuador, <=50K
9340,19, Private,10, Never-married, Adm-clerical, White, Thailand, <=50K
9346,59, Private,10, Married-civ-spouse, Adm-clerical, White, Cuba, >50K
9383,23, Federal-gov,12, Never-married, Exec-managerial, White, Poland, <=50K
9387,32, Private,10, Married-civ-spouse, Protective-serv, White, Dominican-Republic, <=50K
9469,20, Private,10, Never-married, Machine-op-inspct, Asian-Pac-Islander, Vietnam, <=50K
9520,33, Private,9, Married-civ-spouse, Exec-managerial, White, Canada, >50K
9549,40, Self-emp-not-inc,9, Married-civ-spouse, Craft-repair, Asian-Pac-Islander, South, <=50K
9550,37, Private,9, Never-married, Handlers-cleaners, White, Nicaragua, <=50K
9552,38, Private,9, Married-civ-spouse, Adm-clerical, Asian-Pac-Islander, Trinadad&Tobago, <=50K
9594,58, Local-gov,3, Divorced, Other-service, Black, Haiti, <=50K
9614,53, Private,9, Married-civ-spouse, Craft-repair, White, El-Salvador, <=50K
9657,57, Private,2, Married-civ-spouse, Other-service, Other, Dominican-Republic, <=50K
9664,41, Private,9, Never-married, Machine-op-inspct, White, Peru, <=50K
9710,48, Private,13, Never-married, Other-service, Asian-Pac-Islander, Vietnam, <=50K
9734,78, Private,14, Widowed, Craft-repair, Asian-Pac-Islander, South, <=50K
9742,33, Self-emp-not-inc,9, Never-married, Exec-managerial, White, France, <=50K
9756,29, Private,2, Never-married, Other-service, White, El-Salvador, <=50K
9769,78, Private,4, Never-married, Machine-op-inspct, White, Dominican-Republic, <=50K
9778,42, Private,10, Separated, Other-service, Black, Haiti, <=50K
9805,66, Private,9, Widowed, Priv-house-serv, White, England, <=50K
9825,33, Private,13, Married-civ-spouse, Adm-clerical, White, Iran, >50K
9838,55, Private,2, Divorced, Priv-house-serv, White, Cuba, <=50K
9852,22, Private,3, Never-married, Priv-house-serv, White, El-Salvador, <=50K
9856,61, Self-emp-not-inc,15, Married-civ-spouse, Prof-specialty, White, England, >50K
9918,32, Self-emp-inc,10, Never-married, Exec-managerial, White, Cuba, <=50K
9944,63, Private,13, Married-civ-spouse, Sales, White, Iran, >50K
9972,73, Private,9, Married-civ-spouse, Machine-op-inspct, White, England, <=50K
10124,47, Self-emp-not-inc,9, Married-civ-spouse, Adm-clerical, White, Iran, <=50K
10204,29, Private,9, Married-civ-spouse, Machine-op-inspct, White, Ireland, <=50K
10218,54, Private,13, Married-civ-spouse, Exec-managerial, Asian-Pac-Islander, South, >50K
10226,34, State-gov,13, Married-civ-spouse, Adm-clerical, White, Italy, <=50K
10245,55, Private,13, Married-spouse-absent, Craft-repair, White, Ireland, <=50K
10302,69, Private,12, Divorced, Adm-clerical, White, Germany, <=50K
10309,59, Private,1, Never-married, Machine-op-inspct, White, Dominican-Republic, <=50K
10311,48, Private,10, Separated, Other-service, White, Peru, <=50K
10334,43, Private,13, Married-civ-spouse, Adm-clerical, Asian-Pac-Islander, Vietnam, <=50K
10377,26, Private,13, Never-married, Sales, Asian-Pac-Islander, South, <=50K
10398,46, Private,13, Never-married, Adm-clerical, Asian-Pac-Islander, Philippines, <=50K
10411,31, Private,9, Never-married, Adm-clerical, White, Puerto-Rico, <=50K
10457,51, Self-emp-not-inc,10, Divorced, Craft-repair, White, Puerto-Rico, >50K
10544,90, Private,9, Married-civ-spouse, Craft-repair, White, Ecuador, >50K
10574,70, Private,13, Widowed, Prof-specialty, White, Puerto-Rico, <=50K
10623,52, Private,11, Married-civ-spouse, Craft-repair, White, Poland, >50K
10713,45, Private,2, Married-civ-spouse, Other-service, White, El-Salvador, <=50K
10917,20, Private,8, Never-married, Prof-specialty, White, Italy, <=50K
11016,54, Private,10, Married-civ-spouse, Craft-repair, White, Germany, >50K
11092,55, Private,11, Married-civ-spouse, Prof-specialty, White, Germany, >50K
11133,32, Private,1, Married-civ-spouse, Machine-op-inspct, Asian-Pac-Islander, Cambodia, <=50K
11187,50, Private,9, Married-civ-spouse, Machine-op-inspct, Asian-Pac-Islander, China, <=50K
11209,36, Self-emp-not-inc,16, Separated, Prof-specialty, White, Canada, <=50K
11212,62, Private,9, Widowed, Adm-clerical, White, Germany, <=50K
11270,70, Private,10, Divorced, Farming-fishing, Asian-Pac-Islander, Vietnam, <=50K
11278,38, Private,13, Divorced, Adm-clerical, Asian-Pac-Islander, Philippines, <=50K
11287,22, Private,10, Never-married, Adm-clerical, Black, Dominican-Republic, <=50K
11296,52, Private,2, Married-civ-spouse, Craft-repair, Other, Puerto-Rico, <=50K
11329,52, Private,10, Married-civ-spouse, Sales, White, Canada, >50K
11335,41, State-gov,13, Never-married, Protective-serv, Black, Puerto-Rico, <=50K
11373,44, Private,4, Separated, Other-service, White, Peru, <=50K
11430,59, Private,9, Married-civ-spouse, Prof-specialty, Black, Jamaica, <=50K
11460,53, Private,10, Married-civ-spouse, Craft-repair, White, Guatemala, <=50K
11465,42, Private,13, Married-civ-spouse, Prof-specialty, Asian-Pac-Islander, Taiwan, >50K
11494,36, Private,10, Divorced, Craft-repair, White, Cuba, <=50K
11588,54, Private,11, Married-civ-spouse, Craft-repair, Asian-Pac-Islander, Vietnam, <=50K
11596,41, Local-gov,14, Married-civ-spouse, Prof-specialty, Asian-Pac-Islander, Taiwan, >50K
11617,52, Private,13, Married-spouse-absent, Other-service, Black, Haiti, <=50K
11636,51, Private,9, Married-civ-spouse, Sales, Asian-Pac-Islander, Cambodia, <=50K
11708,45, State-gov,10, Married-spouse-absent, Other-service, Black, Haiti, <=50K
11763,46, Private,14, Married-civ-spouse, Exec-managerial, Asian-Pac-Islander, Japan, >50K
11771,40, Private,9, Married-spouse-absent, Handlers-cleaners, White, Poland, <=50K
11810,68, Private,9, Widowed, Other-service, White, England, <=50K
11830,48, Private,10, Never-married, Exec-managerial, White, Ireland, >50K
11851,50, Self-emp-not-inc,14, Married-civ-spouse, Prof-specialty, White, Canada, >50K
11888,22, Private,13, Never-married, Prof-specialty, White, England, <=50K
11936,46, Private,3, Never-married, Machine-op-inspct, White, Dominican-Republic, <=50K
11945,60, Private,7, Married-civ-spouse, Machine-op-inspct, Asian-Pac-Islander, Hong, <=50K
11981,35, Private,2, Married-spouse-absent, Other-service, White, Guatemala, <=50K
12010,51, Private,10, Divorced, Handlers-cleaners, White, Ireland, <=50K
12025,56, Private,6, Married-civ-spouse, Other-service, White, Cuba, >50K
12031,47, Private,4, Married-civ-spouse, Handlers-cleaners, White, Portugal, <=50K
12069,49, Private,9, Married-civ-spouse, Other-service, Asian-Pac-Islander, China, <=50K
12095,49, Private,4, Married-civ-spouse, Machine-op-inspct, White, Hong, <=50K
12168,25, Local-gov,13, Never-married, Prof-specialty, White, Italy, <=50K
12181,57, Private,5, Married-civ-spouse, Machine-op-inspct, White, Puerto-Rico, <=50K
12253,60, Private,3, Married-civ-spouse, Craft-repair, White, Italy, <=50K
12262,34, Private,9, Married-civ-spouse, Craft-repair, White, Nicaragua, <=50K
12265,39, Private,13, Married-civ-spouse, Prof-specialty, White, Germany, >50K
12269,53, Private,3, Married-civ-spouse, Priv-house-serv, Black, Haiti, <=50K
12303,55, Private,10, Married-civ-spouse, Craft-repair, Black, Puerto-Rico, >50K
12322,30, Federal-gov,13, Married-civ-spouse, Adm-clerical, White, Japan, <=50K
12337,47, State-gov,16, Divorced, Prof-specialty, White, France, >50K
12351,52, Private,5, Widowed, Other-service, White, Puerto-Rico, <=50K
12366,29, Private,9, Never-married, Craft-repair, White, Guatemala, <=50K
12371,29, Private,9, Married-civ-spouse, Machine-op-inspct, White, Puerto-Rico, <=50K
12383,29, Private,13, Never-married, Prof-specialty, White, Poland, <=50K
12411,39, Local-gov,8, Married-civ-spouse, Transport-moving, White, Nicaragua, >50K
12419,41, Self-emp-not-inc,9, Never-married, Other-service, Black, Jamaica, <=50K
12422,26, Self-emp-inc,9, Separated, Sales, White, Honduras, <=50K
12489,24, Private,10, Never-married, Handlers-cleaners, White, Italy, <=50K
12505,40, Local-gov,5, Married-civ-spouse, Other-service, White, Yugoslavia, >50K
12528,65, Private,10, Widowed, Prof-specialty, White, Hungary, <=50K
12540,40, Private,15, Never-married, Exec-managerial, White, Cuba, <=50K
12583,42, Federal-gov,14, Married-civ-spouse, Prof-specialty, Asian-Pac-Islander, South, >50K
12620,62, Private,8, Married-civ-spouse, Farming-fishing, White, Germany, <=50K
12624,51, Private,16, Married-civ-spouse, Prof-specialty, Asian-Pac-Islander, South, <=50K
12761,65, Private,13, Married-civ-spouse, Craft-repair, White, England, >50K
12815,31, Private,13, Married-civ-spouse, Other-service, White, Yugoslavia, <=50K
13016,27, Private,10, Divorced, Sales, White, Peru, <=50K
13021,54, Private,4, Divorced, Machine-op-inspct, White, Guatemala, <=50K
13081,30, Private,10, Never-married, Craft-repair, White, Ecuador, <=50K
13115,48, Private,14, Married-civ-spouse, Prof-specialty, White, El-Salvador, >50K
13116,36, Private,9, Never-married, Adm-clerical, White, Nicaragua, <=50K
13121,27, Private,3, Never-married, Sales, Asian-Pac-Islander, Vietnam, <=50K
13124,66, Private,12, Married-civ-spouse, Machine-op-inspct, White, Yugoslavia, >50K
13210,28, Private,9, Married-spouse-absent, Other-service, Asian-Pac-Islander, Philippines, <=50K
13225,37, Private,9, Divorced, Sales, White, Canada, <=50K
13226,69, Private,6, Separated, Machine-op-inspct, White, Peru, <=50K
13228,53, Private,13, Never-married, Other-service, Asian-Pac-Islander, Japan, >50K
13235,57, Private,9, Married-civ-spouse, Tech-support, Black, Trinadad&Tobago, >50K
13294,81, Private,2, Married-civ-spouse, Prof-specialty, White, Poland, <=50K
13340,61, Private,9, Divorced, Adm-clerical, White, Canada, <=50K
13372,19, Federal-gov,10, Never-married, Handlers-cleaners, White, England, <=50K
13469,61, Private,4, Married-civ-spouse, Machine-op-inspct, White, Italy, <=50K
13549,49, Private,9, Widowed, Craft-repair, Asian-Pac-Islander, South, <=50K
13550,40, Private,16, Married-civ-spouse, Exec-managerial, Asian-Pac-Islander, India, >50K
13593,42, Private,10, Married-civ-spouse, Exec-managerial, White, El-Salvador, >50K
13614,17, Private,7, Never-married, Sales, White, Poland, <=50K
13639,46, Local-gov,14, Divorced, Prof-specialty, White, Canada, <=50K
13646,44, Self-emp-not-inc,9, Married-civ-spouse, Sales, Black, Jamaica, <=50K
13647,40, Private,9, Divorced, Craft-repair, White, Vietnam, <=50K
13695,82, Self-emp-not-inc,9, Married-civ-spouse, Craft-repair, White, Cuba, <=50K
13698,24, Private,9, Married-spouse-absent, Transport-moving, White, Peru, <=50K
13758,31, Private,2, Never-married, Other-service, White, El-Salvador, <=50K
13876,42, Private,10, Married-civ-spouse, Adm-clerical, White, Germany, <=50K
13886,28, Private,12, Married-civ-spouse, Handlers-cleaners, White, Nicaragua, <=50K
13887,72, Federal-gov,7, Divorced, Adm-clerical, White, Canada, <=50K
13898,43, Private,9, Married-civ-spouse, Adm-clerical, White, Canada, >50K
13922,34, Private,9, Never-married, Other-service, Asian-Pac-Islander, Japan, <=50K
13927,81, Self-emp-not-inc,13, Widowed, Prof-specialty, White, Hungary, <=50K
13956,77, Private,9, Married-civ-spouse, Other-service, White, Cuba, <=50K
14023,20, Private,10, Never-married, Adm-clerical, Black, Haiti, <=50K
14040,50, Self-emp-inc,15, Married-civ-spouse, Prof-specialty, Asian-Pac-Islander, India, <=50K
14045,61, Federal-gov,9, Never-married, Adm-clerical, White, Puerto-Rico, <=50K
14072,54, Private,10, Separated, Other-service, White, Columbia, <=50K
14112,36, Private,13, Never-married, Adm-clerical, White, Columbia, <=50K
14128,48, Self-emp-not-inc,9, Married-civ-spouse, Craft-repair, White, Peru, <=50K
14143,57, Self-emp-not-inc,12, Married-civ-spouse, Other-service, White, Iran, <=50K
14146,32, Private,13, Married-civ-spouse, Exec-managerial, Asian-Pac-Islander, China, >50K
14158,90, Local-gov,12, Married-civ-spouse, Adm-clerical, Asian-Pac-Islander, Philippines, <=50K
14213,32, Private,9, Married-civ-spouse, Sales, Asian-Pac-Islander, Hong, <=50K
14221,56, Self-emp-not-inc,4, Divorced, Sales, White, Mexico, <=50K
14229,62, Local-gov,9, Widowed, Other-service, White, Canada, <=50K
14272,40, State-gov,14, Married-civ-spouse, Prof-specialty, Asian-Pac-Islander, China, >50K
14355,54, Private,9, Married-civ-spouse, Machine-op-inspct, White, Poland, >50K
14400,37, Self-emp-not-inc,9, Divorced, Exec-managerial, Asian-Pac-Islander, South, >50K
14410,20, Private,10, Never-married, Adm-clerical, White, England, <=50K
14487,24, Private,13, Never-married, Adm-clerical, Asian-Pac-Islander, Taiwan, <=50K
14501,27, Private,3, Never-married, Priv-house-serv, White, England, <=50K
14529,48, Private,9, Never-married, Other-service, Black, Haiti, <=50K
14590,43, Private,10, Married-civ-spouse, Prof-specialty, Other, Puerto-Rico, <=50K
14679,26, Self-emp-not-inc,9, Married-civ-spouse, Exec-managerial, White, Outlying-US(Guam-USVI-etc), <=50K
14684,36, Private,14, Widowed, Tech-support, Asian-Pac-Islander, India, <=50K
14697,44, Private,14, Divorced, Sales, White, Iran, <=50K
14707,30, Private,9, Never-married, Exec-managerial, Black, Jamaica, <=50K
14755,82, Private,9, Widowed, Exec-managerial, White, United-States, <=50K
14807,48, Private,13, Never-married, Prof-specialty, White, Mexico, <=50K
14876,60, Private,2, Divorced, Craft-repair, Other, Dominican-Republic, <=50K
14892,47, Private,3, Married-civ-spouse, Other-service, Black, Jamaica, <=50K
14912,61, Private,3, Married-civ-spouse, Farming-fishing, White, Mexico, <=50K
14918,24, Private,13, Married-civ-spouse, Exec-managerial, White, England, >50K
14973,35, Private,9, Never-married, Other-service, Black, Jamaica, <=50K
14974,22, State-gov,10, Never-married, Other-service, Black, Haiti, <=50K
15004,30, Private,13, Never-married, Exec-managerial, Asian-Pac-Islander, Taiwan, <=50K
15036,46, Self-emp-not-inc,13, Divorced, Other-service, Asian-Pac-Islander, South, >50K
15038,29, Private,9, Married-civ-spouse, Machine-op-inspct, White, Scotland, <=50K
15142,43, Private,10, Married-civ-spouse, Other-service, White, England, >50K
15157,30, Private,9, Never-married, Other-service, White, Ireland, <=50K
15203,28, Private,16, Never-married, Prof-specialty, White, Germany, >50K
15224,65, Self-emp-inc,13, Married-civ-spouse, Exec-managerial, White, Mexico, >50K
15245,27, Private,5, Married-civ-spouse, Machine-op-inspct, White, Portugal, <=50K
15258,60, Private,13, Divorced, Exec-managerial, White, Hungary, >50K
15259,59, Private,5, Separated, Machine-op-inspct, White, Mexico, <=50K
15273,27, Private,11, Never-married, Prof-specialty, White, Canada, <=50K
15379,35, Private,5, Married-civ-spouse, Machine-op-inspct, White, Canada, <=50K
15442,27, Private,9, Married-civ-spouse, Machine-op-inspct, Asian-Pac-Islander, Laos, <=50K
15455,19, Self-emp-not-inc,10, Never-married, Other-service, White, Mexico, <=50K
15495,67, Private,9, Widowed, Adm-clerical, White, Germany, >50K
15586,48, Private,9, Never-married, Tech-support, Black, Jamaica, <=50K
15592,53, Private,5, Married-spouse-absent, Machine-op-inspct, Black, Haiti, <=50K
15643,35, Private,14, Married-civ-spouse, Exec-managerial, Asian-Pac-Islander, Hong, >50K
15667,62, Federal-gov,14, Married-civ-spouse, Adm-clerical, White, Italy, >50K
15680,50, Private,9, Married-civ-spouse, Craft-repair, White, Poland, <=50K
15713,38, Private,12, Married-civ-spouse, Other-service, White, El-Salvador, <=50K
15735,33, Federal-gov,14, Married-civ-spouse, Transport-moving, Black, Nicaragua, <=50K
15788,38, Private,13, Married-spouse-absent, Craft-repair, Black, Dominican-Republic, <=50K
15827,61, Private,4, Married-spouse-absent, Machine-op-inspct, White, Guatemala, <=50K
15835,51, Private,13, Divorced, Prof-specialty, White, England, <=50K
15883,21, Private,9, Married-spouse-absent, Machine-op-inspct, White, Dominican-Republic, <=50K
15891,90, Private,13, Married-civ-spouse, Exec-managerial, White, England, >50K
15938,23, Private,6, Married-civ-spouse, Craft-repair, White, Portugal, <=50K
15965,24, Private,9, Separated, Other-service, White, Portugal, >50K
15966,24, Private,9, Married-civ-spouse, Protective-serv, Asian-Pac-Islander, Thailand, <=50K
15977,25, Private,10, Never-married, Exec-managerial, Asian-Pac-Islander, China, <=50K
15994,63, Private,9, Widowed, Machine-op-inspct, Black, Haiti, <=50K
16037,24, Private,7, Never-married, Adm-clerical, White, Germany, <=50K
16067,28, Private,9, Never-married, Machine-op-inspct, Asian-Pac-Islander, Cambodia, <=50K
16090,43, Private,10, Divorced, Exec-managerial, White, Iran, <=50K
16117,27, State-gov,10, Divorced, Adm-clerical, Black, Jamaica, <=50K
16119,63, Local-gov,13, Divorced, Craft-repair, Black, Outlying-US(Guam-USVI-etc), <=50K
16139,34, Private,9, Married-civ-spouse, Machine-op-inspct, Other, Columbia, <=50K
16144,42, Private,14, Married-civ-spouse, Sales, White, Ecuador, <=50K
16191,26, Private,13, Never-married, Prof-specialty, Asian-Pac-Islander, Philippines, <=50K
16199,19, State-gov,10, Never-married, Adm-clerical, White, Japan, <=50K
16201,19, Private,10, Never-married, Adm-clerical, White, Nicaragua, <=50K
16257,36, Private,9, Separated, Adm-clerical, White, Columbia, <=50K
16322,59, Local-gov,10, Widowed, Other-service, White, Poland, <=50K
16335,47, Private,14, Married-civ-spouse, Prof-specialty, Asian-Pac-Islander, India, <=50K
16360,24, Private,13, Never-married, Priv-house-serv, White, France, <=50K
16371,67, Private,10, Married-civ-spouse, Handlers-cleaners, White, Cuba, >50K
16390,25, Private,9, Never-married, Other-service, Black, Japan, <=50K
16397,25, Private,4, Never-married, Machine-op-inspct, White, Dominican-Republic, <=50K
16417,39, Private,13, Married-civ-spouse, Sales, White, Canada, >50K
16441,25, Private,9, Never-married, Handlers-cleaners, White, England, <=50K
16493,63, Private,3, Widowed, Other-service, Asian-Pac-Islander, Philippines, <=50K
16496,75, Private,1, Never-married, Priv-house-serv, Asian-Pac-Islander, Philippines, <=50K
16815,49, Local-gov,13, Divorced, Prof-specialty, White, France, <=50K
16842,36, State-gov,11, Married-civ-spouse, Tech-support, Asian-Pac-Islander, Hong, <=50K
16895,17, Private,7, Never-married, Other-service, White, England, <=50K
16917,37, Private,14, Married-civ-spouse, Exec-managerial, White, Ecuador, >50K
16984,57, Private,7, Married-spouse-absent, Craft-repair, White, Canada, <=50K
16998,18, Private,8, Never-married, Handlers-cleaners, White, Columbia, <=50K
17109,49, Private,13, Married-civ-spouse, Sales, Asian-Pac-Islander, South, >50K
17141,29, Private,14, Married-civ-spouse, Exec-managerial, Asian-Pac-Islander, Japan, <=50K
17143,28, Self-emp-not-inc,9, Married-civ-spouse, Craft-repair, White, Hungary, <=50K
17175,40, Private,10, Married-civ-spouse, Other-service, White, Scotland, <=50K
17191,18, Private,9, Never-married, Other-service, White, Canada, <=50K
17254,48, Private,3, Never-married, Priv-house-serv, White, Nicaragua, <=50K
17268,73, Self-emp-not-inc,9, Married-civ-spouse, Farming-fishing, Asian-Pac-Islander, Vietnam, <=50K
17446,21, Private,10, Never-married, Handlers-cleaners, Asian-Pac-Islander, Philippines, <=50K
17464,43, Private,9, Married-civ-spouse, Machine-op-inspct, White, Nicaragua, <=50K
17560,18, Private,3, Never-married, Handlers-cleaners, White, Honduras, <=50K
17565,40, Private,8, Married-civ-spouse, Prof-specialty, White, Cuba, >50K
17598,55, Self-emp-inc,13, Divorced, Sales, White, Germany, <=50K
17627,52, Private,7, Married-civ-spouse, Machine-op-inspct, Other, Dominican-Republic, <=50K
17678,31, Private,12, Divorced, Adm-clerical, White, Poland, <=50K
17706,58, Private,12, Married-civ-spouse, Priv-house-serv, White, Poland, <=50K
17717,43, Private,9, Divorced, Machine-op-inspct, White, Cuba, <=50K
17725,28, Private,8, Married-civ-spouse, Machine-op-inspct, Other, Ecuador, <=50K
17733,51, Self-emp-not-inc,10, Married-civ-spouse, Prof-specialty, White, Canada, <=50K
17734,26, Private,10, Never-married, Priv-house-serv, White, Hungary, <=50K
17745,27, Private,7, Separated, Craft-repair, White, Germany, <=50K
17794,67, Private,2, Widowed, Machine-op-inspct, White, Ecuador, <=50K
17822,44, Self-emp-not-inc,15, Married-civ-spouse, Prof-specialty, Asian-Pac-Islander, Taiwan, >50K
17826,25, Private,15, Never-married, Prof-specialty, White, Italy, <=50K
17894,44, Self-emp-not-inc,8, Married-civ-spouse, Exec-managerial, Asian-Pac-Islander, Vietnam, <=50K
17908,50, Private,3, Divorced, Other-service, White, Cuba, <=50K
17922,48, Private,9, Divorced, Machine-op-inspct, Other, Ecuador, <=50K
17927,29, Private,9, Married-civ-spouse, Other-service, White, Cuba, <=50K
17983,53, Self-emp-inc,13, Married-civ-spouse, Adm-clerical, Asian-Pac-Islander, South, <=50K
18050,52, Private,3, Widowed, Other-service, White, Mexico, <=50K
18074,65, Private,9, Never-married, Craft-repair, Asian-Pac-Islander, Cambodia, <=50K
18082,38, Private,14, Never-married, Adm-clerical, White, Italy, >50K
18110,55, Private,10, Married-civ-spouse, Tech-support, White, Canada, >50K
18153,29, Private,9, Married-civ-spouse, Protective-serv, White, Peru, <=50K
18162,22, Local-gov,12, Never-married, Adm-clerical, Black, Haiti, <=50K
18188,42, Private,15, Married-civ-spouse, Sales, Amer-Indian-Eskimo, South, >50K
18210,30, Private,10, Never-married, Sales, White, El-Salvador, <=50K
18237,28, Private,13, Married-civ-spouse, Prof-specialty, Asian-Pac-Islander, Taiwan, <=50K
18278,72, Private,9, Married-civ-spouse, Exec-managerial, White, England, <=50K
18339,53, Private,3, Married-civ-spouse, Other-service, White, Italy, <=50K
18413,41, Private,15, Married-civ-spouse, Exec-managerial, White, Japan, >50K
18429,34, Self-emp-inc,14, Never-married, Exec-managerial, White, France, >50K
18442,43, Private,13, Married-civ-spouse, Prof-specialty, White, Italy, >50K
18481,29, Local-gov,11, Married-civ-spouse, Tech-support, White, Nicaragua, >50K
18508,30, Private,9, Divorced, Other-service, Asian-Pac-Islander, South, <=50K
18541,67, Self-emp-inc,9, Married-civ-spouse, Prof-specialty, White, England, >50K
18556,68, Self-emp-not-inc,16, Married-civ-spouse, Prof-specialty, White, Canada, <=50K
18568,73, Private,9, Married-civ-spouse, Farming-fishing, Asian-Pac-Islander, Philippines, <=50K
18645,48, Private,3, Divorced, Machine-op-inspct, Other, Dominican-Republic, <=50K
18741,46, Private,13, Divorced, Machine-op-inspct, Other, Puerto-Rico, <=50K
18785,34, Private,9, Never-married, Priv-house-serv, White, Mexico, <=50K
18786,51, Private,9, Married-spouse-absent, Craft-repair, White, Columbia, <=50K
18807,45, Private,9, Divorced, Adm-clerical, Asian-Pac-Islander, Japan, <=50K
18838,66, Self-emp-not-inc,12, Married-civ-spouse, Craft-repair, White, Hungary, <=50K
18886,37, Private,10, Married-civ-spouse, Adm-clerical, Black, Jamaica, >50K
18927,25, Private,10, Married-civ-spouse, Craft-repair, White, Columbia, <=50K
19053,56, Private,13, Never-married, Prof-specialty, White, Cuba, <=50K
19058,53, Private,9, Divorced, Machine-op-inspct, White, Scotland, <=50K
19060,19, Private,8, Never-married, Other-service, White, El-Salvador, <=50K
19093,21, Private,10, Never-married, Sales, Asian-Pac-Islander, Vietnam, <=50K
19096,62, Local-gov,16, Widowed, Prof-specialty, White, Iran, <=50K
19117,44, Private,9, Married-civ-spouse, Transport-moving, White, Ecuador, <=50K
19182,29, Private,13, Never-married, Adm-clerical, White, Canada, <=50K
19262,56, Private,13, Divorced, Prof-specialty, Black, Haiti, <=50K
19321,39, Self-emp-not-inc,13, Never-married, Sales, Asian-Pac-Islander, Iran, <=50K
19427,41, Private,5, Never-married, Priv-house-serv, White, Columbia, <=50K
19443,30, Federal-gov,10, Married-civ-spouse, Adm-clerical, White, Cuba, >50K
19537,20, Private,10, Never-married, Sales, Asian-Pac-Islander, Philippines, <=50K
19608,32, Private,10, Never-married, Machine-op-inspct, White, Holand-Netherlands, <=50K
19640,25, Private,6, Never-married, Other-service, White, Nicaragua, <=50K
19691,26, Local-gov,13, Never-married, Prof-specialty, Black, England, <=50K
19703,38, Private,10, Separated, Prof-specialty, White, Germany, <=50K
19710,24, Local-gov,6, Never-married, Craft-repair, Black, Haiti, <=50K
19742,50, Self-emp-inc,13, Married-civ-spouse, Exec-managerial, Asian-Pac-Islander, Japan, >50K
19948,48, Private,10, Married-civ-spouse, Craft-repair, White, Germany, <=50K
19963,30, Private,13, Married-civ-spouse, Exec-managerial, Asian-Pac-Islander, Hong, >50K
19995,34, Private,8, Married-civ-spouse, Other-service, White, Dominican-Republic, <=50K
20010,35, Private,9, Married-civ-spouse, Transport-moving, Other, Dominican-Republic, <=50K
20136,56, Private,6, Married-civ-spouse, Sales, Asian-Pac-Islander, Japan, >50K
20215,45, Federal-gov,10, Married-civ-spouse, Adm-clerical, White, Puerto-Rico, >50K
20275,39, Local-gov,14, Married-civ-spouse, Prof-specialty, White, England, >50K
20327,66, Private,13, Divorced, Prof-specialty, White, Cuba, <=50K
20338,26, Private,9, Married-civ-spouse, Craft-repair, White, Poland, <=50K
20359,50, Self-emp-not-inc,9, Divorced, Prof-specialty, Asian-Pac-Islander, Vietnam, <=50K
20362,47, Private,10, Married-civ-spouse, Prof-specialty, White, Scotland, >50K
20414,41, Private,12, Divorced, Exec-managerial, Black, Jamaica, <=50K
20419,35, Self-emp-not-inc,9, Married-civ-spouse, Craft-repair, White, Ireland, <=50K
20439,63, Private,1, Married-civ-spouse, Prof-specialty, Other, Mexico, <=50K
20449,42, Self-emp-not-inc,9, Married-civ-spouse, Craft-repair, Black, Jamaica, <=50K
20462,85, Self-emp-not-inc,9, Widowed, Sales, White, United-States, <=50K
20464,39, Private,15, Married-civ-spouse, Prof-specialty, Asian-Pac-Islander, India, >50K
20542,31, Private,16, Married-civ-spouse, Prof-specialty, Asian-Pac-Islander, Thailand, >50K
20580,33, Private,13, Married-civ-spouse, Prof-specialty, White, Italy, <=50K
20721,32, Self-emp-inc,10, Married-civ-spouse, Transport-moving, Black, Haiti, <=50K
20779,27, Private,14, Married-civ-spouse, Prof-specialty, Asian-Pac-Islander, Hong, >50K
20841,52, Private,9, Divorced, Sales, White, Germany, <=50K
20886,24, Private,10, Never-married, Adm-clerical, White, Iran, <=50K
20933,29, Private,10, Never-married, Other-service, Black, Jamaica, <=50K
20935,39, Local-gov,13, Widowed, Prof-specialty, Asian-Pac-Islander, Japan, <=50K
20988,21, Private,10, Never-married, Adm-clerical, White, Nicaragua, <=50K
21047,24, Private,2, Married-civ-spouse, Other-service, Asian-Pac-Islander, Vietnam, <=50K
21086,70, Private,13, Married-civ-spouse, Exec-managerial, White, Cuba, <=50K
21129,49, Private,13, Never-married, Tech-support, Asian-Pac-Islander, India, <=50K
21144,43, Self-emp-not-inc,4, Married-civ-spouse, Farming-fishing, White, Cuba, <=50K
21185,28, Self-emp-not-inc,9, Married-civ-spouse, Craft-repair, White, Italy, <=50K
21217,29, Private,9, Married-civ-spouse, Adm-clerical, Asian-Pac-Islander, Vietnam, <=50K
21369,61, Private,1, Married-spouse-absent, Other-service, Asian-Pac-Islander, China, <=50K
21370,30, Private,13, Never-married, Tech-support, White, Hungary, <=50K
21423,32, Local-gov,10, Married-civ-spouse, Protective-serv, White, France, >50K
21445,29, Private,9, Married-spouse-absent, Other-service, White, France, <=50K
21451,45, Self-emp-not-inc,9, Married-spouse-absent, Craft-repair, Asian-Pac-Islander, Thailand, <=50K
21474,56, Self-emp-not-inc,7, Widowed, Other-service, White, Greece, >50K
21487,20, Private,10, Never-married, Tech-support, White, Canada, <=50K
21502,35, Private,9, Never-married, Machine-op-inspct, Asian-Pac-Islander, Cambodia, <=50K
21519,29, Private,11, Married-civ-spouse, Craft-repair, Asian-Pac-Islander, Laos, <=50K
21568,31, Private,14, Married-civ-spouse, Exec-managerial, White, France, >50K
21586,27, Private,11, Never-married, Exec-managerial, White, Greece, >50K
21616,21, Private,10, Never-married, Sales, White, Poland, <=50K
21633,38, Private,9, Married-civ-spouse, Protective-serv, White, Scotland, <=50K
21635,51, Private,2, Widowed, Other-service, White, Portugal, <=50K
21664,29, Private,10, Never-married, Sales, Black, Outlying-US(Guam-USVI-etc), <=50K
21704,35, Private,14, Never-married, Prof-specialty, Asian-Pac-Islander, Taiwan, >50K
21717,22, Private,9, Never-married, Other-service, Other, Puerto-Rico, <=50K
21728,68, Private,13, Married-civ-spouse, Prof-specialty, White, Ireland, >50K
21747,38, Private,9, Married-civ-spouse, Transport-moving, Other, Puerto-Rico, <=50K
21780,25, Private,13, Never-married, Sales, Asian-Pac-Islander, Philippines, <=50K
21902,38, Private,7, Married-civ-spouse, Craft-repair, White, Guatemala, <=50K
21903,42, Private,9, Married-civ-spouse, Other-service, Black, Haiti, <=50K
21920,38, Self-emp-inc,9, Married-civ-spouse, Other-service, White, Poland, <=50K
21950,21, Self-emp-not-inc,8, Married-civ-spouse, Adm-clerical, White, Portugal, <=50K
21958,44, Private,9, Married-civ-spouse, Other-service, Asian-Pac-Islander, Philippines, <=50K
22035,42, Private,10, Separated, Exec-managerial, White, Canada, <=50K
22060,28, Private,12, Married-civ-spouse, Adm-clerical, Black, Haiti, <=50K
22180,27, Private,13, Married-civ-spouse, Adm-clerical, White, Cuba, >50K
22189,31, Private,9, Married-spouse-absent, Other-service, White, Italy, <=50K
22196,44, Self-emp-not-inc,13, Married-civ-spouse, Exec-managerial, Asian-Pac-Islander, South, >50K
22199,56, Private,4, Divorced, Machine-op-inspct, White, Yugoslavia, <=50K
22209,54, State-gov,13, Married-civ-spouse, Exec-managerial, White, Puerto-Rico, >50K
22264,42, Private,16, Married-civ-spouse, Prof-specialty, White, France, <=50K
22269,19, Private,9, Never-married, Handlers-cleaners, Other, Guatemala, <=50K
22291,22, Private,9, Never-married, Handlers-cleaners, White, Portugal, <=50K
22323,27, Private,13, Married-civ-spouse, Exec-managerial, Asian-Pac-Islander, South, <=50K
22328,56, Local-gov,15, Married-civ-spouse, Adm-clerical, Asian-Pac-Islander, Philippines, >50K
22390,38, Private,4, Married-civ-spouse, Farming-fishing, White, Portugal, <=50K
22408,27, State-gov,14, Never-married, Exec-managerial, White, Scotland, <=50K
22444,36, Private,4, Married-spouse-absent, Machine-op-inspct, White, Puerto-Rico, <=50K
22532,48, Private,5, Married-civ-spouse, Machine-op-inspct, White, Poland, <=50K
22540,36, Private,5, Married-civ-spouse, Craft-repair, White, Guatemala, <=50K
22554,41, Self-emp-inc,15, Married-civ-spouse, Prof-specialty, White, El-Salvador, >50K
22563,34, Private,14, Married-civ-spouse, Prof-specialty, Asian-Pac-Islander, China, >50K
22619,47, Private,13, Married-civ-spouse, Exec-managerial, White, Canada, >50K
22651,32, Private,10, Married-civ-spouse, Sales, Asian-Pac-Islander, Greece, <=50K
22657,54, Private,9, Never-married, Other-service, White, Hungary, <=50K
22666,39, Private,13, Married-civ-spouse, Exec-managerial, White, Italy, >50K
22668,36, Private,9, Married-civ-spouse, Prof-specialty, Asian-Pac-Islander, Cambodia, <=50K
22695,31, Private,13, Married-civ-spouse, Prof-specialty, Asian-Pac-Islander, Philippines, >50K
22723,45, Self-emp-not-inc,13, Divorced, Prof-specialty, White, France, <=50K
22772,41, Self-emp-inc,5, Married-civ-spouse, Sales, White, Dominican-Republic, <=50K
22782,50, Self-emp-inc,14, Never-married, Prof-specialty, Black, Trinadad&Tobago, <=50K
22796,21, Private,10, Never-married, Prof-specialty, Asian-Pac-Islander, South, <=50K
22816,34, Private,11, Married-civ-spouse, Exec-managerial, White, Puerto-Rico, >50K
22875,58, Private,13, Married-civ-spouse, Adm-clerical, Asian-Pac-Islander, Philippines, <=50K
22894,88, Private,10, Divorced, Adm-clerical, White, United-States, <=50K
22899,46, Private,10, Married-civ-spouse, Craft-repair, Asian-Pac-Islander, Vietnam, <=50K
22953,34, Private,13, Never-married, Prof-specialty, White, Cuba, <=50K
23022,24, Private,13, Never-married, Prof-specialty, White, Hungary, <=50K
23176,50, Local-gov,15, Married-civ-spouse, Adm-clerical, Asian-Pac-Islander, Laos, >50K
23211,50, Private,9, Married-civ-spouse, Machine-op-inspct, White, El-Salvador, <=50K
23215,61, Private,8, Widowed, Machine-op-inspct, White, Italy, <=50K
23246,25, Private,9, Never-married, Adm-clerical, Black, Puerto-Rico, <=50K
23320,23, Private,10, Never-married, Sales, White, Iran, <=50K
23454,70, Private,13, Widowed, Machine-op-inspct, Asian-Pac-Islander, Philippines, <=50K
23459,69, Private,16, Married-civ-spouse, Prof-specialty, White, China, >50K
23482,59, Private,9, Divorced, Other-service, Asian-Pac-Islander, China, <=50K
23494,56, Private,3, Married-civ-spouse, Craft-repair, Black, Trinadad&Tobago, <=50K
23509,34, Private,2, Never-married, Other-service, White, Guatemala, <=50K
23511,58, Private,13, Never-married, Prof-specialty, White, Canada, <=50K
23563,33, Self-emp-inc,9, Never-married, Other-service, Asian-Pac-Islander, Vietnam, <=50K
23589,61, Self-emp-inc,16, Married-civ-spouse, Exec-managerial, Asian-Pac-Islander, Taiwan, >50K
23596,54, Private,10, Divorced, Exec-managerial, White, Germany, <=50K
23606,58, Private,9, Married-civ-spouse, Priv-house-serv, Asian-Pac-Islander, Philippines, <=50K
23652,43, Private,9, Married-civ-spouse, Transport-moving, White, Dominican-Republic, <=50K
23688,43, Self-emp-inc,13, Married-civ-spouse, Sales, Asian-Pac-Islander, Philippines, >50K
23721,58, Private,3, Married-civ-spouse, Machine-op-inspct, White, Italy, <=50K
23740,60, State-gov,14, Married-civ-spouse, Prof-specialty, Asian-Pac-Islander, China, >50K
23803,48, Self-emp-not-inc,9, Married-civ-spouse, Exec-managerial, Asian-Pac-Islander, South, <=50K
23890,49, Private,14, Married-spouse-absent, Protective-serv, Asian-Pac-Islander, India, <=50K
23909,50, Private,6, Separated, Adm-clerical, Black, Jamaica, <=50K
23999,19, Private,7, Never-married, Sales, Other, Nicaragua, <=50K
24026,86, Private,14, Never-married, Adm-clerical, White, United-States, <=50K
24101,35, Private,13, Never-married, Handlers-cleaners, Asian-Pac-Islander, Haiti, <=50K
24123,41, Private,10, Divorced, Adm-clerical, Black, El-Salvador, <=50K
24125,46, Private,13, Divorced, Adm-clerical, White, Portugal, <=50K
24201,29, State-gov,9, Never-married, Other-service, Asian-Pac-Islander, Thailand, <=50K
24239,62, Private,4, Divorced, Tech-support, White, Columbia, <=50K
24281,29, Private,13, Married-civ-spouse, Exec-managerial, White, France, >50K
24295,54, Private,3, Married-spouse-absent, Other-service, Black, Haiti, <=50K
24306,42, Private,9, Never-married, Adm-clerical, Black, Trinadad&Tobago, <=50K
24530,46, Private,9, Separated, Handlers-cleaners, White, Peru, <=50K
24552,30, Private,9, Never-married, Machine-op-inspct, White, Dominican-Republic, <=50K
24557,42, Private,1, Married-civ-spouse, Craft-repair, White, Nicaragua, <=50K
24574,21, Private,10, Never-married, Adm-clerical, White, Columbia, <=50K
24631,24, Private,9, Divorced, Other-service, White, Japan, <=50K
24636,23, Private,10, Never-married, Exec-managerial, Other, Peru, <=50K
24659,19, Private,9, Never-married, Other-service, White, Puerto-Rico, <=50K
24738,17, Private,7, Never-married, Handlers-cleaners, White, Peru, <=50K
24826,26, Local-gov,10, Never-married, Protective-serv, White, Peru, <=50K
24852,18, Private,7, Never-married, Other-service, White, Peru, <=50K
24871,28, Private,10, Never-married, Sales, Other, India, <=50K
24939,53, Self-emp-not-inc,13, Married-civ-spouse, Exec-managerial, Asian-Pac-Islander, China, >50K
25024,60, Private,4, Married-civ-spouse, Machine-op-inspct, White, Poland, <=50K
25071,53, Federal-gov,9, Married-civ-spouse, Tech-support, White, France, >50K
25099,48, Private,1, Separated, Other-service, White, El-Salvador, <=50K
25117,57, State-gov,13, Married-civ-spouse, Adm-clerical, Asian-Pac-Islander, China, <=50K
25152,19, Private,8, Never-married, Prof-specialty, Asian-Pac-Islander, Thailand, <=50K
25155,40, Self-emp-not-inc,13, Married-civ-spouse, Adm-clerical, White, England, <=50K
25226,23, Private,1, Never-married, Other-service, Asian-Pac-Islander, Laos, <=50K
25270,36, Private,13, Married-civ-spouse, Prof-specialty, White, Germany, >50K
25305,56, Federal-gov,13, Married-civ-spouse, Exec-managerial, White, Puerto-Rico, >50K
25337,56, Private,10, Divorced, Adm-clerical, White, Germany, <=50K
25365,44, Private,4, Married-civ-spouse, Machine-op-inspct, Other, Nicaragua, <=50K
25375,21, Private,10, Never-married, Sales, Asian-Pac-Islander, India, <=50K
25568,59, Self-emp-not-inc,3, Married-civ-spouse, Other-service, White, El-Salvador, <=50K
25593,28, Private,7, Never-married, Machine-op-inspct, White, Nicaragua, <=50K
25662,39, Local-gov,14, Divorced, Prof-specialty, Black, Dominican-Republic, <=50K
25695,31, Private,10, Divorced, Adm-clerical, Black, Japan, <=50K
25744,41, Self-emp-inc,10, Divorced, Machine-op-inspct, White, Honduras, <=50K
25772,22, Private,9, Never-married, Sales, White, Canada, <=50K
25803,30, Private,10, Married-civ-spouse, Handlers-cleaners, White, Poland, <=50K
25859,27, Private,13, Never-married, Tech-support, Black, France, <=50K
25896,31, Private,7, Married-spouse-absent, Sales, Asian-Pac-Islander, India, <=50K
25942,19, Private,1, Never-married, Farming-fishing, White, Hong, <=50K
25948,46, Private,5, Separated, Machine-op-inspct, White, Ireland, <=50K
25974,42, Private,12, Married-spouse-absent, Exec-managerial, Asian-Pac-Islander, Laos, <=50K
25989,31, Private,12, Never-married, Prof-specialty, Asian-Pac-Islander, Philippines, <=50K
26094,41, Private,3, Divorced, Other-service, White, Puerto-Rico, <=50K
26151,27, Private,10, Married-civ-spouse, Sales, Asian-Pac-Islander, South, <=50K
26159,24, Private,10, Never-married, Sales, White, Greece, <=50K
26161,25, Private,10, Separated, Priv-house-serv, White, El-Salvador, <=50K
26197,38, Private,10, Divorced, Adm-clerical, White, Columbia, <=50K
26217,38, Private,9, Married-civ-spouse, Craft-repair, White, Nicaragua, <=50K
26334,26, Private,14, Married-civ-spouse, Machine-op-inspct, White, Canada, <=50K
26361,32, Private,10, Married-civ-spouse, Exec-managerial, White, Japan, <=50K
26380,59, Private,9, Married-civ-spouse, Other-service, White, Cuba, <=50K
26385,23, Private,9, Never-married, Craft-repair, White, Outlying-US(Guam-USVI-etc), <=50K
26430,68, Private,16, Divorced, Prof-specialty, White, Cuba, <=50K
26437,47, Private,9, Widowed, Adm-clerical, White, England, <=50K
26464,34, Self-emp-not-inc,16, Married-civ-spouse, Prof-specialty, White, Canada, >50K
26515,43, Private,9, Married-civ-spouse, Other-service, White, Nicaragua, <=50K
26543,43, Private,13, Divorced, Adm-clerical, White, Germany, <=50K
26567,21, Private,10, Never-married, Adm-clerical, Asian-Pac-Islander, Vietnam, <=50K
26605,54, Private,1, Married-civ-spouse, Craft-repair, Asian-Pac-Islander, China, <=50K
26613,36, Self-emp-inc,10, Married-civ-spouse, Exec-managerial, White, Yugoslavia, >50K
26691,22, Private,12, Never-married, Handlers-cleaners, Black, Jamaica, <=50K
26714,31, Private,10, Married-civ-spouse, Exec-managerial, White, Cuba, >50K
26843,30, Private,9, Never-married, Other-service, White, Puerto-Rico, <=50K
26849,44, Self-emp-inc,9, Divorced, Craft-repair, White, Portugal, <=50K
26877,25, Private,13, Never-married, Sales, Asian-Pac-Islander, Vietnam, <=50K
26897,17, Private,5, Never-married, Sales, Other, Mexico, <=50K
26908,66, Local-gov,16, Married-civ-spouse, Prof-specialty, Black, Jamaica, >50K
27019,67, Private,10, Widowed, Sales, White, Nicaragua, <=50K
27040,57, Self-emp-inc,9, Married-civ-spouse, Transport-moving, White, Hungary, >50K
27045,22, Private,10, Never-married, Prof-specialty, Asian-Pac-Islander, South, <=50K
27055,26, Private,13, Never-married, Adm-clerical, Asian-Pac-Islander, Thailand, <=50K
27114,28, Private,10, Never-married, Protective-serv, White, Honduras, <=50K
27134,61, Private,9, Divorced, Adm-clerical, Asian-Pac-Islander, Japan, <=50K
27151,66, Private,1, Widowed, Priv-house-serv, White, Guatemala, <=50K
27169,47, Private,14, Separated, Machine-op-inspct, Asian-Pac-Islander, India, <=50K
27179,26, Self-emp-inc,8, Married-civ-spouse, Sales, Other, Dominican-Republic, <=50K
27245,30, Private,13, Divorced, Exec-managerial, Asian-Pac-Islander, China, <=50K
27276,33, Private,13, Married-civ-spouse, Machine-op-inspct, Other, Ecuador, <=50K
27305,40, Private,9, Married-civ-spouse, Transport-moving, Asian-Pac-Islander, Trinadad&Tobago, <=50K
27314,27, Private,13, Never-married, Adm-clerical, Asian-Pac-Islander, Laos, <=50K
27328,29, Private,14, Married-civ-spouse, Prof-specialty, Asian-Pac-Islander, Hong, >50K
27343,30, Private,13, Married-civ-spouse, Sales, White, Peru, <=50K
27400,30, Private,14, Never-married, Adm-clerical, White, France, <=50K
27416,60, Federal-gov,10, Widowed, Exec-managerial, White, England, <=50K
27479,50, Private,8, Married-civ-spouse, Sales, Asian-Pac-Islander, Cambodia, >50K
27480,32, Private,5, Separated, Machine-op-inspct, White, Columbia, <=50K
27491,41, Private,14, Married-civ-spouse, Prof-specialty, White, England, <=50K
27557,25, Private,9, Never-married, Craft-repair, White, Cuba, <=50K
27636,39, Private,12, Married-civ-spouse, Tech-support, White, France, >50K
27646,35, Private,13, Never-married, Sales, Asian-Pac-Islander, South, <=50K
27647,52, Private,9, Married-civ-spouse, Machine-op-inspct, Other, Columbia, <=50K
27660,32, Private,13, Never-married, Tech-support, Asian-Pac-Islander, Philippines, <=50K
27663,23, Private,13, Never-married, Sales, White, England, <=50K
27713,49, Private,4, Never-married, Machine-op-inspct, Asian-Pac-Islander, Laos, <=50K
27749,55, Private,11, Married-civ-spouse, Craft-repair, White, Hungary, >50K
27764,19, Private,7, Never-married, Sales, White, Honduras, <=50K
27798,32, Private,9, Separated, Handlers-cleaners, Asian-Pac-Islander, South, <=50K
27855,60, Private,15, Married-civ-spouse, Prof-specialty, White, Germany, >50K
27866,62, Self-emp-inc,14, Married-civ-spouse, Prof-specialty, Asian-Pac-Islander, South, <=50K
27873,55, Private,14, Never-married, Prof-specialty, Asian-Pac-Islander, Thailand, <=50K
27888,17, Private,7, Never-married, Sales, White, India, <=50K
27907,61, Private,4, Married-civ-spouse, Craft-repair, White, Poland, >50K
27981,66, Private,4, Widowed, Other-service, White, Germany, <=50K
28001,32, Private,3, Married-civ-spouse, Machine-op-inspct, Asian-Pac-Islander, Laos, >50K
28048,26, Private,9, Never-married, Craft-repair, Asian-Pac-Islander, Hong, <=50K
28055,63, Private,2, Widowed, Machine-op-inspct, White, Portugal, <=50K
28074,65, Private,9, Widowed, Other-service, Black, Jamaica, <=50K
28196,40, Private,15, Married-civ-spouse, Prof-specialty, White, Germany, >50K
28231,64, Self-emp-not-inc,9, Married-civ-spouse, Craft-repair, White, Italy, <=50K
28269,63, Private,13, Married-civ-spouse, Protective-serv, Asian-Pac-Islander, Philippines, >50K
28272,28, Federal-gov,9, Never-married, Exec-managerial, White, Puerto-Rico, <=50K
28294,44, Private,9, Never-married, Machine-op-inspct, Asian-Pac-Islander, Laos, <=50K
28295,61, Private,3, Married-civ-spouse, Craft-repair, White, El-Salvador, <=50K
28298,24, State-gov,10, Never-married, Other-service, White, Canada, <=50K
28300,42, Self-emp-inc,15, Married-civ-spouse, Prof-specialty, White, Cuba, >50K
28356,35, Private,9, Never-married, Handlers-cleaners, White, Peru, <=50K
28394,36, Private,1, Never-married, Machine-op-inspct, Black, Puerto-Rico, <=50K
28440,52, Private,3, Married-civ-spouse, Sales, White, El-Salvador, <=50K
28455,32, Self-emp-not-inc,7, Separated, Handlers-cleaners, White, Nicaragua, <=50K
28465,18, Private,9, Married-spouse-absent, Other-service, Black, Jamaica, <=50K
28482,32, Private,3, Married-spouse-absent, Craft-repair, White, El-Salvador, <=50K
28486,45, Private,12, Married-civ-spouse, Craft-repair, White, Yugoslavia, <=50K
28493,41, Private,5, Married-civ-spouse, Other-service, White, Outlying-US(Guam-USVI-etc), <=50K
28533,26, Local-gov,14, Never-married, Prof-specialty, White, Canada, <=50K
28574,29, Private,9, Married-civ-spouse, Exec-managerial, White, Outlying-US(Guam-USVI-etc), <=50K
28599,43, Private,9, Never-married, Handlers-cleaners, White, Poland, <=50K
28648,54, Private,9, Married-civ-spouse, Craft-repair, White, Greece, <=50K
28653,31, Private,9, Never-married, Farming-fishing, White, Ireland, <=50K
28668,57, Private,16, Married-civ-spouse, Tech-support, White, Germany, >50K
28673,24, Private,11, Married-civ-spouse, Craft-repair, White, Guatemala, <=50K
28696,71, Private,14, Divorced, Prof-specialty, White, Germany, <=50K
28731,59, Private,9, Married-civ-spouse, Machine-op-inspct, White, Italy, >50K
28755,25, Private,10, Never-married, Other-service, Other, Ecuador, <=50K
28774,32, Private,2, Never-married, Craft-repair, White, Guatemala, <=50K
28827,33, Private,4, Never-married, Other-service, Black, Trinadad&Tobago, <=50K
28831,45, Private,16, Married-civ-spouse, Prof-specialty, White, Poland, >50K
28900,59, Private,9, Never-married, Adm-clerical, White, Guatemala, <=50K
28937,18, Private,4, Never-married, Other-service, Asian-Pac-Islander, Philippines, <=50K
28964,24, Private,10, Never-married, Other-service, Black, Haiti, <=50K
28970,58, Private,5, Never-married, Handlers-cleaners, White, El-Salvador, <=50K
28994,46, Private,9, Married-civ-spouse, Machine-op-inspct, Asian-Pac-Islander, Cambodia, >50K
29018,26, Private,5, Never-married, Other-service, White, El-Salvador, <=50K
29019,23, Private,9, Never-married, Prof-specialty, White, Canada, <=50K
29024,56, Self-emp-not-inc,5, Married-civ-spouse, Exec-managerial, White, Columbia, <=50K
29037,28, Local-gov,5, Married-civ-spouse, Craft-repair, Black, Trinadad&Tobago, >50K
29136,29, Private,14, Never-married, Prof-specialty, White, Scotland, <=50K
29157,67, Without-pay,9, Married-civ-spouse, Adm-clerical, Asian-Pac-Islander, Philippines, <=50K
29194,48, Private,9, Never-married, Adm-clerical, Black, Trinadad&Tobago, <=50K
29283,27, Private,3, Never-married, Priv-house-serv, White, El-Salvador, <=50K
29310,31, Private,13, Never-married, Craft-repair, Asian-Pac-Islander, Vietnam, <=50K
29342,18, Federal-gov,7, Never-married, Other-service, Asian-Pac-Islander, Philippines, <=50K
29352,43, Private,9, Married-civ-spouse, Machine-op-inspct, White, Greece, <=50K
29373,23, Private,13, Never-married, Other-service, White, Ecuador, <=50K
29436,43, Private,6, Married-civ-spouse, Transport-moving, White, Yugoslavia, <=50K
29441,21, Private,2, Married-civ-spouse, Other-service, White, England, <=50K
29465,64, Private,9, Married-civ-spouse, Farming-fishing, White, France, <=50K
29487,36, Private,9, Never-married, Craft-repair, Asian-Pac-Islander, South, <=50K
29593,81, Self-emp-not-inc,2, Widowed, Sales, White, Mexico, <=50K
29719,30, Private,9, Never-married, Priv-house-serv, White, Guatemala, <=50K
29745,57, Self-emp-not-inc,2, Widowed, Craft-repair, White, Columbia, <=50K
29915,43, Private,13, Divorced, Prof-specialty, White, Outlying-US(Guam-USVI-etc), <=50K
29968,48, Private,9, Never-married, Other-service, White, Columbia, <=50K
29971,47, Private,7, Married-civ-spouse, Craft-repair, White, Dominican-Republic, <=50K
30006,38, State-gov,10, Married-civ-spouse, Exec-managerial, Black, Trinadad&Tobago, <=50K
30016,46, Private,10, Divorced, Adm-clerical, Black, Trinadad&Tobago, <=50K
30063,23, Private,10, Never-married, Adm-clerical, White, Greece, <=50K
30064,36, Private,10, Married-civ-spouse, Craft-repair, White, El-Salvador, <=50K
30068,38, Local-gov,14, Divorced, Prof-specialty, Black, Jamaica, <=50K
30160,34, Private,5, Separated, Machine-op-inspct, White, Dominican-Republic, <=50K
30167,32, Private,12, Never-married, Sales, Black, Trinadad&Tobago, <=50K
30188,64, Private,13, Never-married, Sales, White, Peru, <=50K
30287,40, Private,9, Separated, Exec-managerial, White, Canada, <=50K
30321,28, Private,11, Married-civ-spouse, Handlers-cleaners, White, Ecuador, <=50K
30324,61, Private,3, Married-civ-spouse, Handlers-cleaners, Asian-Pac-Islander, Philippines, >50K
30325,56, Federal-gov,10, Married-civ-spouse, Adm-clerical, Asian-Pac-Islander, Laos, <=50K
30345,47, Private,9, Married-civ-spouse, Adm-clerical, White, Hungary, <=50K
30346,39, Self-emp-not-inc,13, Married-civ-spouse, Exec-managerial, Asian-Pac-Islander, South, <=50K
30375,45, Private,12, Widowed, Sales, White, Cuba, <=50K
30519,21, Private,9, Never-married, Machine-op-inspct, White, Peru, <=50K
30542,22, Private,9, Never-married, Exec-managerial, White, Yugoslavia, <=50K
30633,21, Private,10, Never-married, Other-service, White, Italy, <=50K
30731,26, Private,13, Never-married, Adm-clerical, Asian-Pac-Islander, Hong, <=50K
30782,36, Private,9, Married-civ-spouse, Prof-specialty, White, Ecuador, >50K
30832,25, Private,12, Married-civ-spouse, Adm-clerical, Asian-Pac-Islander, India, >50K
30862,46, Private,9, Separated, Other-service, Black, Jamaica, <=50K
30974,40, Private,16, Married-civ-spouse, Prof-specialty, Asian-Pac-Islander, Hong, >50K
31001,19, Private,10, Never-married, Sales, Asian-Pac-Islander, Laos, <=50K
31032,55, Private,9, Married-civ-spouse, Transport-moving, Black, Jamaica, <=50K
31037,33, Private,13, Separated, Prof-specialty, Black, Jamaica, <=50K
31056,33, Private,10, Never-married, Adm-clerical, White, Puerto-Rico, <=50K
31078,26, Private,13, Never-married, Exec-managerial, Asian-Pac-Islander, Vietnam, <=50K
31080,50, Private,3, Married-spouse-absent, Other-service, White, Mexico, <=50K
31152,53, Self-emp-not-inc,11, Separated, Craft-repair, White, Poland, <=50K
31267,43, Private,15, Never-married, Prof-specialty, White, France, <=50K
31301,60, Private,14, Married-civ-spouse, Adm-clerical, Asian-Pac-Islander, South, >50K
31304,46, Private,9, Married-spouse-absent, Machine-op-inspct, White, Columbia, <=50K
31331,29, Private,9, Married-civ-spouse, Machine-op-inspct, Asian-Pac-Islander, Laos, <=50K
31356,23, Private,14, Married-civ-spouse, Prof-specialty, Asian-Pac-Islander, India, >50K
31367,27, Self-emp-not-inc,10, Married-civ-spouse, Transport-moving, Other, Ecuador, >50K
31445,44, Private,10, Divorced, Adm-clerical, White, Germany, <=50K
31456,40, Private,10, Divorced, Tech-support, White, Guatemala, >50K
31465,24, Private,4, Never-married, Priv-house-serv, White, El-Salvador, <=50K
31485,41, Private,13, Married-civ-spouse, Prof-specialty, Black, Haiti, >50K
31508,22, Private,3, Married-civ-spouse, Other-service, White, El-Salvador, <=50K
31518,29, Private,13, Married-civ-spouse, Exec-managerial, White, Yugoslavia, >50K
31591,59, Private,14, Married-civ-spouse, Tech-support, White, Iran, <=50K
31756,34, Private,10, Never-married, Adm-clerical, Asian-Pac-Islander, Japan, <=50K
31773,58, Private,9, Separated, Other-service, White, Dominican-Republic, <=50K
31775,64, Private,9, Widowed, Sales, White, France, >50K
31872,28, Private,2, Married-spouse-absent, Other-service, Other, Dominican-Republic, <=50K
31906,48, Private,14, Married-civ-spouse, Prof-specialty, White, Cuba, >50K
31947,25, Private,12, Never-married, Sales, White, Peru, <=50K
31953,34, Private,6, Never-married, Other-service, Black, Jamaica, <=50K
31984,42, Self-emp-not-inc,13, Divorced, Exec-managerial, Other, Iran, <=50K
32114,29, Private,9, Married-civ-spouse, Prof-specialty, Asian-Pac-Islander, China, >50K
32128,48, Private,10, Married-civ-spouse, Craft-repair, Asian-Pac-Islander, Cambodia, >50K
32152,65, Private,3, Widowed, Machine-op-inspct, White, Italy, <=50K
32202,51, Federal-gov,16, Married-civ-spouse, Prof-specialty, Asian-Pac-Islander, Vietnam, >50K
32203,23, Local-gov,13, Never-married, Prof-specialty, Asian-Pac-Islander, China, <=50K
32262,27, Private,9, Never-married, Craft-repair, Other, Nicaragua, <=50K
32340,74, Self-emp-not-inc,13, Widowed, Craft-repair, White, Germany, >50K
32358,46, Private,1, Married-civ-spouse, Machine-op-inspct, Black, Dominican-Republic, <=50K
32369,53, Self-emp-not-inc,15, Never-married, Prof-specialty, Asian-Pac-Islander, Philippines, >50K
32370,49, Self-emp-not-inc,13, Married-civ-spouse, Exec-managerial, White, Scotland, >50K
32377,39, Private,9, Separated, Other-service, White, El-Salvador, <=50K
32402,48, Private,2, Married-civ-spouse, Machine-op-inspct, White, Portugal, <=50K
32455,30, Self-emp-not-inc,7, Married-spouse-absent, Craft-repair, White, Honduras, <=50K
32458,85, Private,13, Married-civ-spouse, Exec-managerial, White, Poland, <=50K
32507,45, Private,6, Divorced, Other-service, Black, Dominican-Republic, <=50K
32532,54, Private,13, Married-civ-spouse, Exec-managerial, Asian-Pac-Islander, Japan, >50K
32552,32, Private,14, Never-married, Tech-support, Asian-Pac-Islander, Taiwan, <=50K
