Name,SSN,age,sex,native_country
Elnora Duhig,381-02-4644,31.0, Female, United-States
Shandie Wagen,617-33-1623,22.0, Male, United-States
Wyatt Fairham,615-74-5418,25.0, Male, United-States
Cairistiona Dunphie,355-69-0077,46.0, Male, ?
Riobard MacIlurick,610-70-4825,47.0, Male, United-States
Joy Leifer,638-47-2367,48.0, Male, United-States
Alberik Stebbins,893-93-0676,36.0, Male, United-States
Ezechiel Huban,530-15-8770,26.0, Female, United-States
Ronda Kalkofen,191-13-9981,28.0, Female, United-States
Lannie Gabbett,591-83-7957,20.0, Male, United-States
Ryann Sawford,753-27-1084,51.0, Female, Ireland
Melisandra Avrahamoff,879-04-7082,32.0, Female, United-States
Annette Behnke,832-33-6289,55.0, Male, United-States
Hollyanne Cool,385-42-6632,41.0, Female, United-States
Joelle Hollyar,679-41-2889,46.0, Female, United-States
Zitella Ure,816-68-8801,45.0, Male, United-States
Vinnie Norvill,803-26-6161,65.0, Male, United-States
Reba Giacobazzi,231-78-9217,45.0, Male, United-States
Alverta Wilber,429-20-8993,22.0, Female, United-States
Ynes Matteoli,126-30-7141,22.0, Female, United-States
Simeon Maccaddie,699-31-0123,42.0, Male, United-States
Elonore Scurrah,537-91-7051,37.0, Male, United-States
Terri Raggitt,429-89-2379,24.0, Female, United-States
Stacie Bardnam,513-72-3425,67.0, Female, United-States
Eleni Meers,766-13-9536,28.0, Female, United-States
Caroljean Capini,126-24-6316,56.0, Male, Cuba
Rene Crossby,237-89-2165,31.0, Male, United-States
Rakel Huskinson,756-96-5915,33.0, Female, United-States
Alister Overpool,495-95-3912,52.0, Male, United-States
Wadsworth Yude,137-52-8403,45.0, Male, Germany
Bonnee Ferraron,399-97-6237,53.0, Male, United-States
Mendel Cosins,886-20-1459,47.0, Male, Portugal
Barrett Tough,256-38-8409,40.0, Female, United-States
Alikee Esmonde,104-23-4446,35.0, Male, United-States
Torey Maun,493-66-8771,65.0, Male, United-States
Jdavie Fink,525-47-2920,42.0, Female, United-States
Carolee Bentick,586-45-7241,23.0, Female, United-States
Sarene Idel,451-93-5534,39.0, Female, United-States
Allis Cresar,399-35-4139,39.0, Male, United-States
Hyatt Slesser,750-99-3095,37.0, Male, United-States
Shanta Spring,593-27-0528,25.0, Female, United-States
Nicolai Cockshtt,523-66-7139,31.0, Female, United-States
Katheryn Staker,598-12-8351,39.0, Male, United-States
Ephrayim Piatek,644-72-8307,39.0, Male, United-States
Kayle Bloschke,414-88-5028,25.0, Male, United-States
Kessiah Senogles,630-65-1336,30.0, Male, United-States
Ericka Pickering,361-71-0274,37.0, Female, United-States
Daphne Torrejon,683-16-4487,22.0, Female, Mexico
Laurent Abrahami,456-61-6801,46.0, Male, United-States
Kacey Cordeux,679-02-7316,54.0, Female, United-States
Whitney Terney,511-36-7334,33.0, Male, United-States
Georgeanna Huske,691-08-7432,70.0, Male, United-States
Hildegarde Caro,639-63-9948,36.0, Male, United-States
Vera Tomsa,268-88-9394,53.0, Female, United-States
Isak Waterhowse,189-47-0540,55.0, Female, United-States
Marylou Breach,172-47-3943,17.0, Female, United-States
Chiquia Townsend,777-65-1926,36.0, Male, United-States
Marybeth Vegas,284-55-9129,36.0, Male, United-States
Karlotta Beresfore,221-80-0975,40.0, Male, United-States
Monty Clitherow,480-57-0928,36.0, Male, United-States
Poppy Van Rembrandt,623-21-1171,28.0, Male, United-States
Fernando Toulamain,550-74-4488,39.0, Male, United-States
Sunny Hazart,122-25-3610,49.0, Male, United-States
Roshelle Masselin,715-83-5893,63.0, Male, United-States
Giffy Erdely,768-77-0052,61.0, Male, United-States
Hobie Clericoates,442-39-7612,48.0, Male, United-States
Roxi Slocket,845-53-2100,55.0, Male, Poland
Electra MacArd,736-69-1728,18.0, Female, United-States
Wenonah Neesham,224-71-9747,20.0, Male, United-States
Leanora Canning,626-43-7873,49.0, Male, China
Melita Reedick,870-40-9507,27.0, Male, United-States
Porty Meneghelli,140-05-0848,37.0, Female, United-States
Janenna Greiswood,163-34-1185,32.0, Male, United-States
Rhody Kolodziej,183-73-2458,33.0, Male, United-States
Ingar Hagwood,351-33-6639,47.0, Male, United-States
Ronnica Gerhold,166-58-1038,34.0, Male, United-States
Yetty Garralts,191-11-1807,61.0, Female, United-States
Adah Mandrake,526-70-7388,25.0, Male, United-States
Dareen Latham,411-50-4678,26.0, Male, United-States
Elvin Copelli,199-46-1261,18.0, Female, United-States
Rad Malpass,721-87-1961,35.0, Male, United-States
Currey Woolpert,636-04-9005,36.0, Female, ?
Hoebart Vowels,287-43-7410,56.0, Male, United-States
Iosep Gallemore,423-35-8057,40.0, Male, United-States
Anna-diana Matthieson,702-15-8612,24.0, Female, United-States
Cecil Jedrzejewski,642-86-8782,66.0, Female, United-States
Chuck Guilliland,485-33-2640,42.0, Female, United-States
Lind MacCleod,797-65-6771,28.0, Male, United-States
Ailey Dobie,266-49-0922,39.0, Female, United-States
Therine Bryning,281-84-4877,65.0, Male, United-States
Phil Kingswood,717-42-7769,20.0, Female, United-States
Margalit Player,717-89-3968,52.0, Male, United-States
Annemarie Karp,873-97-6183,24.0, Male, South
Lark Martonfi,336-51-1261,39.0, Female, United-States
Tamiko Arends,728-80-5496,18.0, Female, United-States
Benedetto Myhan,882-99-1859,49.0, Female, Hong
Shelia Jindrich,856-18-3403,21.0, Male, United-States
Batholomew De Roos,195-04-1787,35.0, Male, United-States
Fern Penella,381-60-9548,38.0, Male, United-States
Maurise Albion,729-05-1749,55.0, Male, United-States
